<?xml version="1.0" encoding="UTF-8"?>
<project-private xmlns="http://www.netbeans.org/ns/project-private/1">
    <editor-bookmarks xmlns="http://www.netbeans.org/ns/editor-bookmarks/1"/>
    <editor-bookmarks xmlns="http://www.netbeans.org/ns/editor-bookmarks/2" lastBookmarkId="1"/>
    <open-files xmlns="http://www.netbeans.org/ns/projectui-open-files/2">
        <group>
            <file>file:/var/www/migunani/application/controllers/masterdata/client.php</file>
            <file>file:/var/www/migunani/application/views/masterdata/client/list.html</file>
            <file>file:/var/www/migunani/application/models/m_com_email.php</file>
            <file>file:/var/www/migunani/application/views/masterdata/email/update.html</file>
            <file>file:/var/www/migunani/application/models/m_client.php</file>
            <file>file:/var/www/migunani/application/controllers/masterdata/email.php</file>
        </group>
    </open-files>
</project-private>
